<?xml version="1.0" encoding="UTF-8" ?>
<!DOCTYPE log4j:configuration SYSTEM "log4j.dtd">

<log4j:configuration xmlns:log4j="http://jakarta.apache.org/log4j/">

	<appender name="console" class="org.apache.log4j.ConsoleAppender">
		<layout class="org.apache.log4j.PatternLayout">
			<param name="ConversionPattern" value="%d{yyyy-MM-dd HH:mm:ss} %-5p (%F:%L)[%t]  - %m%n" />
		</layout>
	</appender>

	<appender name="file" class="org.apache.log4j.DailyRollingFileAppender">
		<param name="File" value="c://temp/gcth.log" />
		<param name="Append" value="false" />

		<!-- Rollover at midnight each day -->
		<param name="DatePattern" value="'.'yyyy-MM-dd" />

		<layout class="org.apache.log4j.PatternLayout">
			<!-- The default pattern: Date Priority [Category] Message\n -->
			<param name="ConversionPattern" value="%d{yyyy-MM-dd HH:mm:ss} %-5p (%F:%L)[%t]  - %m%n" />
		</layout>
	</appender>

	<logger name="org.apache.activemq">
		<level value="error" />
	</logger>

	<logger name="org.quartz.core">
		<level value="error" />
	</logger>

	<logger name="org.quartz.simpl">
		<level value="error" />
	</logger>

	<logger name="com.mchange.v2.async">
		<level value="error" />
	</logger>

	<root>
		<priority value="debug"></priority>
		<appender-ref ref="console" />		
	</root>

</log4j:configuration>
