<?xml version="1.0" encoding="UTF-8"?>
<beans xmlns="http://www.springframework.org/schema/beans"
       xmlns:xsi="http://www.w3.org/2001/XMLSchema-instance"
       xmlns:aop="http://www.springframework.org/schema/aop"
       xmlns:context="http://www.springframework.org/schema/context"
       xsi:schemaLocation="http://www.springframework.org/schema/beans
            http://www.springframework.org/schema/beans/spring-beans.xsd
            http://www.springframework.org/schema/aop
            http://www.springframework.org/schema/aop/spring-aop.xsd
            http://www.springframework.org/schema/context
            http://www.springframework.org/schema/context/spring-context.xsd">

    <!--<aop:aspectj-autoproxy/>-->
    <!--<bean id="testBean" class="com.jiehang.TestBean"/>-->
    <!--<bean class="com.jiehang.AspectJTest"/>-->

    <bean id="dataSource" class="org.apache.commons.dbcp2.BasicDataSource">
        <property name="driverClassName" value="oracle.jdbc.OracleDriver" />
        <property name="url" value="jdbc:oracle:thin:@10.1.114.205:1753:O05GCE0" />
        <property name="username" value="SDDGCE1" />
        <property name="password" value="39;TpTdJK+N{vz[@" />
        <property name="testOnBorrow" value="false" />
        <property name="defaultAutoCommit" value="true" />
    </bean>

    <bean id="tsmCountsDao" class="jdbc.spring.learn.TsmCountsDaoImpl">
        <property name="dataSource" ref="dataSource"/>
    </bean>

</beans>