<?xml version="1.0" encoding="UTF-8"?>
<components xmlns="http://www.jiehang.com/autumn/schema/components"
	xmlns:xsi="http://www.w3.org/2001/XMLSchema-instance"
	xsi:schemaLocation="http://www.jiehang.com/autumn/schema/components http://www.jiehang.com/autumn/schema/components/jiehang_config.xsd">

	<!--<component name="a" class="cycle.dependency.spring.A">-->
		<!--<property name="b" ref="b" />-->
		<!--<property name="str" value="jieh" />-->
	<!--</component>-->
	<!---->
	<!--<component name="b" class="cycle.dependency.spring.B">-->
		<!--<property name="c" ref="c" />-->
	<!--</component>-->
	<!---->
	<!--<component name="c" class="cycle.dependency.spring.C">-->
		<!--<property name="a" ref="a"/>-->
	<!--</component>-->

	<component name="aspectDemo" class="test.aspect.AspectDemo" />
	<component name="aspectDemo2" class="test.aspect.AspectDemo2" />
	<component name="demo" class="test.aspect.Demo" />
	
</components>