<?xml version="1.0" encoding="UTF-8"?>
<beans xmlns="http://www.springframework.org/schema/beans"
	xmlns:xsi="http://www.w3.org/2001/XMLSchema-instance" xmlns:p="http://www.springframework.org/schema/p"
	xsi:schemaLocation="http://www.springframework.org/schema/beans http://www.springframework.org/schema/beans/spring-beans-3.0.xsd">

	<bean id="dataSource"
		class="org.springframework.jdbc.datasource.DriverManagerDataSource">
		<property name="driverClassName" value="oracle.jdbc.driver.OracleDriver" />
		<property name="url" value="jdbc:oracle:thin:@dgced0.it:1753:O05GCE0" />
		<property name="username" value="opgcep2" />
		<property name="password" value="opgcep2" />
	</bean>

	<bean id="fundService" class="com.jiehang.service.impl.FundServiceImpl">
		<property name="fundDao" ref="fundDao" />
	</bean>
	<bean id="fundDao" class="com.jiehang.dao.impl.FundDaoImpl">
		<property name="dataSource" ref="dataSource" />
	</bean>

</beans>